ordernumber,serialnumber,rating,deliverytime,quantity,orderdate
1,TH-3906,2.86,12,3,2022-12-09 00:07:00
2,RA-2537,2.04,1,4,2022-12-27 11:09:00
3,XR-5462,1.34,4,3,2022-12-25 04:40:00
4,TS-2999,3.97,9,1,2022-12-16 18:08:00
5,SH-3641,4.71,4,5,2022-12-06 02:57:00
6,ET-2332,2.67,9,4,2022-12-10 18:30:00
7,NQ-6516,3.2,5,3,2022-12-23 09:30:00
8,PO-3509,1.13,5,5,2022-12-04 12:41:00
9,AO-9381,1.37,9,2,2022-12-13 07:54:00
10,NR-3369,4.84,12,5,2022-12-30 14:55:00
11,JC-8912,4.49,15,3,2022-12-11 13:59:00
12,WO-3682,1.37,11,4,2022-12-29 14:35:00
13,BP-4237,4.34,2,1,2022-12-17 20:49:00
14,AU-0699,2.65,14,3,2022-12-27 06:13:00
15,PZ-2107,3.35,1,3,2022-12-03 19:52:00
16,UA-7911,3.12,4,4,2022-12-07 13:07:00
17,WT-9470,1.23,2,3,2022-12-08 15:00:00
18,AG-6447,1.49,3,5,2022-12-06 22:34:00
19,DR-0509,3.84,5,1,2022-12-25 12:28:00
20,NS-8384,4.64,5,4,2022-12-20 20:03:00
21,SI-8208,3.98,12,3,2022-12-28 07:49:00
22,FN-3853,2.43,12,4,2022-12-07 23:46:00
23,PY-7369,4.44,8,4,2022-12-01 23:21:00
24,BP-5363,1.4,5,1,2022-12-29 18:58:00
25,MN-1251,4.09,15,3,2022-12-25 19:12:00
26,GP-6195,4.9,5,5,2022-12-29 14:53:00
27,EE-2404,4.23,5,4,2022-12-06 14:57:00
28,UK-5926,2.68,1,1,2022-12-22 07:26:00
29,UI-0305,4.11,1,5,2022-12-16 21:52:00
30,TW-5646,2.89,14,3,2022-12-11 06:50:00
31,SZ-8568,1.4,7,4,2022-12-08 21:18:00
32,EV-0382,3.23,8,2,2022-12-17 03:11:00
33,LS-5625,2.04,1,2,2022-12-03 19:10:00
34,GA-5953,4.95,11,3,2022-12-12 17:30:00
35,JK-7293,4.33,6,4,2022-12-04 23:08:00
36,CO-4258,1.48,11,4,2022-12-19 19:27:00
37,AP-8422,3.48,7,1,2022-12-04 16:53:00
38,HR-4422,2.34,12,4,2022-12-03 06:05:00
39,OD-8275,3.43,1,4,2022-12-20 10:29:00
40,NT-6630,4.54,3,5,2022-12-20 18:27:00
41,AC-9326,4.73,3,1,2022-12-22 23:36:00
42,YF-8278,1.97,1,2,2022-12-01 21:47:00
43,RE-3937,4.66,10,1,2022-12-04 13:48:00
44,EP-6284,2.87,4,4,2022-12-29 04:51:00
45,LP-1575,3.5,15,3,2022-12-22 13:30:00
46,FY-5163,1.92,4,5,2022-12-27 01:41:00
47,ZK-6664,3.92,13,3,2022-12-12 01:29:00
48,TY-8447,2.9,15,3,2022-12-21 06:52:00
49,XC-6224,3.25,6,5,2022-12-20 15:42:00
50,UI-9072,4.45,4,4,2022-12-19 02:24:00
51,QY-3380,4.06,4,1,2022-12-30 01:41:00
52,HI-1877,2.31,14,1,2022-12-20 08:11:00
53,NI-0582,4.84,1,2,2022-12-06 09:11:00
54,SX-5865,3.24,13,3,2022-12-20 22:11:00
55,HO-2835,3.91,10,5,2022-12-18 12:00:00
56,PS-8490,2.85,1,2,2022-12-22 17:08:00
57,JD-4736,2.72,2,5,2022-12-09 11:41:00
58,JH-6109,4.09,7,1,2022-12-13 19:54:00
59,YV-0484,1.52,7,3,2022-12-16 01:26:00
60,GH-2620,3.94,9,4,2022-12-08 11:25:00
61,QV-1739,2.15,4,1,2022-12-06 19:08:00
62,OZ-6022,3.79,9,1,2022-12-28 01:39:00
63,JX-1189,3.17,2,4,2022-12-04 11:10:00
64,UP-7088,1.75,14,5,2022-12-29 16:42:00
65,UJ-8918,3.79,8,2,2022-12-25 05:22:00
66,TN-8276,3.76,15,4,2022-12-28 07:44:00
67,CN-2375,2.88,1,1,2022-12-05 22:25:00
68,UP-9181,2.69,14,2,2022-12-15 19:35:00
69,UE-2422,2.58,10,3,2022-12-04 15:06:00
70,SW-5756,3.6,6,1,2022-12-30 11:36:00
71,TM-0271,3.64,9,2,2022-12-08 12:06:00
72,IH-6218,2.61,14,4,2022-12-03 04:18:00
73,AS-9191,2.18,9,3,2022-12-03 11:54:00
74,FU-4083,3.02,6,2,2022-12-25 04:08:00
75,QE-0488,2.36,8,4,2022-12-10 20:54:00
76,VG-4184,2.87,13,2,2022-12-20 15:41:00
77,MJ-6418,3.92,10,1,2022-12-09 11:53:00
78,SF-5590,1.76,10,4,2022-12-09 07:49:00
79,DS-1881,4.82,9,1,2022-12-11 20:45:00
80,TI-0723,2.03,2,1,2022-12-28 18:47:00
81,VO-0851,4.46,6,3,2022-12-01 03:43:00
82,OB-9255,3.74,4,2,2022-12-24 10:40:00
83,GU-0497,4.81,10,3,2022-12-04 04:30:00
84,WQ-9589,1.71,13,3,2022-12-07 12:00:00
85,IY-8948,1.2,4,1,2022-12-26 21:48:00
86,BE-5938,3.98,8,4,2022-12-12 13:35:00
87,WD-6710,2.51,13,2,2022-12-22 02:19:00
88,ZQ-2993,2.57,8,4,2022-12-15 21:38:00
89,ZW-1144,1.6,12,4,2022-12-11 20:28:00
90,HR-8531,2.19,7,3,2022-12-04 06:01:00
91,RB-2302,2.44,14,2,2022-12-24 18:14:00
92,NV-6375,2.07,11,1,2022-12-01 06:51:00
93,FV-5938,1.62,11,2,2022-12-21 17:08:00
94,NB-3026,1.73,2,2,2022-12-05 15:02:00
95,AO-7398,4.74,4,1,2022-12-05 10:06:00
96,OU-9599,3.97,13,4,2022-12-11 07:32:00
97,LU-7229,2.42,14,3,2022-12-29 11:11:00
98,CO-7184,2.4,14,2,2022-12-20 07:37:00
99,ZM-0429,2.63,9,3,2022-12-04 23:11:00
100,MW-5267,3.14,8,3,2022-12-04 02:13:00
101,ZL-6133,3.44,9,5,2022-12-02 20:48:00
102,NA-0480,4.04,8,5,2022-12-10 03:15:00
103,CP-9613,1.55,11,2,2022-12-17 02:37:00
104,YN-1622,4.65,3,4,2022-12-08 23:20:00
105,RL-4486,3.34,10,3,2022-12-19 08:04:00
106,CH-8661,1.79,14,1,2022-12-24 03:18:00
107,TJ-0485,4.05,10,1,2022-12-02 01:17:00
108,BI-9031,3.89,2,3,2022-12-29 18:37:00
109,JJ-9797,3.59,8,1,2022-12-29 08:45:00
110,OI-6305,3.56,4,5,2022-12-28 09:57:00
111,PH-2499,3.28,12,3,2022-12-23 01:55:00
112,IC-4128,1.97,3,1,2022-12-03 17:48:00
113,AM-3624,2.27,2,4,2022-12-30 04:53:00
114,DI-0938,2.58,2,2,2022-12-24 20:53:00
115,TJ-5438,2.87,10,2,2022-12-06 20:02:00
116,YA-7939,4.26,12,2,2022-12-04 01:23:00
117,TG-1400,3.09,2,5,2022-12-08 09:03:00
118,SR-5481,2.44,12,3,2022-12-12 20:13:00
119,RP-4858,1.26,4,3,2022-12-07 10:27:00
120,EC-7360,4.94,14,4,2022-12-04 04:18:00
121,KQ-4797,2.5,5,5,2022-12-06 03:09:00
122,DL-2078,4.27,2,1,2022-12-20 13:49:00
123,TY-1667,1.01,5,5,2022-12-12 21:49:00
124,AT-2680,4.98,10,2,2022-12-26 06:58:00
125,XX-2867,2.15,5,4,2022-12-20 05:42:00
126,PR-1447,3.63,12,1,2022-12-22 23:58:00
127,PN-6007,1.82,10,5,2022-12-22 23:01:00
128,VN-7407,2.79,6,5,2022-12-08 01:28:00
129,IZ-4173,1.06,12,5,2022-12-18 03:36:00
130,FM-6415,2.94,2,2,2022-12-14 08:02:00
131,FT-6707,3.18,14,2,2022-12-30 23:05:00
132,XB-9518,4.99,14,3,2022-12-17 08:26:00
133,PS-4925,1.23,13,5,2022-12-28 17:08:00
134,FX-0311,2.48,11,1,2022-12-28 07:31:00
135,LI-4485,2.24,12,1,2022-12-07 11:25:00
136,DF-5153,3.77,10,5,2022-12-11 10:41:00
137,XR-8229,1.13,7,5,2022-12-20 14:37:00
138,DY-1350,4.03,8,2,2022-12-25 01:08:00
139,AO-0468,3.84,2,2,2022-12-27 08:25:00
140,VT-2636,4.65,2,4,2022-12-08 09:29:00
141,LG-1554,4.05,7,1,2022-12-04 08:20:00
142,UB-7331,3.78,15,1,2022-12-10 13:13:00
143,OD-7924,3.7,13,5,2022-12-12 05:14:00
144,BX-5631,4.87,11,3,2022-12-04 14:38:00
145,VC-9338,1.78,6,2,2022-12-01 00:32:00
146,CH-6139,1,8,5,2022-12-16 01:06:00
147,ST-3472,1.17,3,3,2022-12-02 07:15:00
148,RU-7870,3.75,4,3,2022-12-25 17:33:00
149,UF-5074,5,1,4,2022-12-19 19:02:00
150,NK-4452,2.97,5,3,2022-12-02 04:17:00
151,HT-5495,1.71,7,5,2022-12-30 03:21:00
152,NR-0385,2.05,6,2,2022-12-27 07:11:00
153,UR-2147,3.17,12,1,2022-12-30 23:49:00
154,JH-2571,4.67,8,2,2022-12-29 03:59:00
155,VS-0452,1.91,15,4,2022-12-04 21:18:00
156,UM-1267,3.35,10,1,2022-12-15 19:56:00
157,GL-6782,4.97,11,5,2022-12-04 22:23:00
158,GQ-9842,2.8,12,1,2022-12-21 15:37:00
159,FR-3839,1.79,4,2,2022-12-26 10:24:00
160,IL-4068,3.27,12,5,2022-12-23 17:20:00
161,TO-1907,4.03,1,4,2022-12-17 18:04:00
162,HL-0014,1.81,1,5,2022-12-25 21:38:00
163,IA-0257,1.74,13,5,2022-12-10 13:16:00
164,WF-0049,4.71,7,4,2022-12-24 23:14:00
165,EP-2834,2.66,8,5,2022-12-06 14:21:00
166,NN-4315,4.37,7,4,2022-12-05 02:31:00
167,NA-8913,3.96,6,4,2022-12-28 12:06:00
168,XC-8988,3.48,11,1,2022-12-21 10:16:00
169,ZR-6542,1.65,6,4,2022-12-26 20:04:00
170,FF-1211,2.11,9,4,2022-12-23 09:33:00
171,WT-4432,2.49,14,3,2022-12-17 04:51:00
172,RU-1180,1.71,4,4,2022-12-25 11:10:00
173,NG-9798,4.59,1,4,2022-12-14 17:37:00
174,HP-2984,2.83,10,5,2022-12-18 00:44:00
175,XY-7500,3.61,7,1,2022-12-28 10:02:00
176,IZ-8041,2.57,7,1,2022-12-19 07:49:00
177,FF-3950,4.05,3,5,2022-12-13 14:58:00
178,PI-7872,4.38,14,4,2022-12-03 18:23:00
179,CL-9578,4.8,6,4,2022-12-24 14:39:00
180,CU-7176,3.95,3,4,2022-12-01 15:46:00
181,CZ-4685,2.01,8,5,2022-12-12 00:36:00
182,WO-2080,2.99,11,5,2022-12-18 02:36:00
183,US-8765,1.75,8,2,2022-12-04 19:12:00
184,HP-0391,2.75,6,5,2022-12-07 01:45:00
185,BU-4965,1.92,10,2,2022-12-30 03:22:00
186,VA-3904,1.54,6,2,2022-12-10 05:31:00
187,NL-2235,3.46,3,1,2022-12-29 05:30:00
188,BD-7964,3.88,3,1,2022-12-08 08:54:00
189,LZ-3019,2.29,1,2,2022-12-22 10:02:00
190,MP-7738,2,3,3,2022-12-06 23:17:00
191,RR-0244,3.35,4,3,2022-12-12 17:24:00
192,MC-1884,4.62,10,2,2022-12-08 07:39:00
193,OV-9262,3.26,7,2,2022-12-18 06:22:00
194,JX-5269,2.98,10,4,2022-12-05 00:23:00
195,RM-8005,3.12,12,4,2022-12-12 04:21:00
196,PY-8826,2.42,14,4,2022-12-19 20:40:00
197,YP-3167,2.44,9,2,2022-12-21 21:51:00
198,TL-4677,1.05,9,5,2022-12-08 19:26:00
199,ON-0616,4.43,9,1,2022-12-28 23:50:00
200,BW-8242,2.96,12,1,2022-12-18 02:17:00
201,GD-6610,1.98,14,1,2022-12-11 21:20:00
202,DY-6494,1.57,8,5,2022-12-23 01:02:00
203,BJ-6608,2.55,6,2,2022-12-19 06:25:00
204,QO-6708,1.14,2,5,2022-12-24 03:00:00
205,AT-2127,2.18,7,2,2022-12-20 18:11:00
206,XT-4042,2.49,14,1,2022-12-06 13:01:00
207,HF-7598,2.33,14,1,2022-12-05 15:14:00
208,FS-3299,1.7,10,5,2022-12-12 20:09:00
209,EX-4654,2.08,8,3,2022-12-18 08:11:00
210,JJ-6759,4.6,3,4,2022-12-21 15:39:00
211,ZG-5121,4.76,7,2,2022-12-10 13:30:00
212,QQ-6714,1.17,2,4,2022-12-21 21:51:00
213,GP-6573,2.99,4,4,2022-12-01 02:55:00
214,WE-9776,1.94,5,4,2022-12-06 10:56:00
215,UA-3530,3.7,3,4,2022-12-01 19:30:00
216,HQ-9800,1.91,14,5,2022-12-01 23:46:00
217,JB-8595,3.99,1,1,2022-12-02 06:37:00
218,EO-6071,2.23,11,4,2022-12-23 09:27:00
219,JG-8358,1.28,12,5,2022-12-09 11:14:00
220,GU-2470,3.97,11,5,2022-12-01 07:26:00
221,MR-0077,1.77,13,3,2022-12-19 17:52:00
222,JT-3468,3.86,11,2,2022-12-07 12:38:00
223,LF-3388,4.27,6,4,2022-12-03 18:49:00
224,ZD-3571,4.19,10,5,2022-12-05 03:23:00
225,HX-3062,2.72,5,2,2022-12-01 19:19:00
226,UG-3273,3.17,4,4,2022-12-20 17:38:00
227,EO-8529,4.92,11,5,2022-12-05 21:18:00
228,YZ-8891,1.97,15,5,2022-12-12 15:06:00
229,QT-6291,1.51,2,1,2022-12-15 02:04:00
230,RY-0666,3.78,14,2,2022-12-09 19:07:00
231,ZO-7262,2.56,8,4,2022-12-20 14:56:00
232,BY-2160,4.56,14,2,2022-12-08 20:46:00
233,YD-2754,4.76,3,2,2022-12-08 17:42:00
234,LV-4737,1.37,9,3,2022-12-17 01:29:00
235,EW-2888,3.96,6,5,2022-12-06 01:36:00
236,HY-4832,2.89,4,2,2022-12-07 22:41:00
237,OO-4068,3,13,3,2022-12-21 17:25:00
238,NR-6426,4.9,4,3,2022-12-21 00:19:00
239,AP-6877,1.82,15,3,2022-12-18 18:26:00
240,XS-5102,3.95,5,2,2022-12-28 06:16:00
241,TM-4236,3.37,13,4,2022-12-23 14:21:00
242,VG-7719,1.45,8,4,2022-12-21 13:13:00
243,GQ-7244,1.9,12,1,2022-12-04 13:17:00
244,KN-6694,1.25,12,5,2022-12-14 09:34:00
245,XZ-8616,1.1,8,4,2022-12-09 18:24:00
246,TF-4637,1.05,11,4,2022-12-10 23:32:00
247,ZE-8237,2.14,10,5,2022-12-03 12:28:00
248,AU-6484,3.82,11,4,2022-12-14 22:53:00
249,PF-7836,3.55,4,2,2022-12-08 10:43:00
250,SW-8163,3.13,4,3,2022-12-28 06:02:00
251,MK-4884,4.59,14,3,2022-12-04 10:23:00
252,TO-6504,1.79,3,1,2022-12-12 12:13:00
253,XX-6802,4.21,14,1,2022-12-27 15:47:00
254,XE-9089,2.87,13,2,2022-12-10 10:40:00
255,QC-5729,2.11,8,1,2022-12-07 18:42:00
256,EH-5281,4.98,6,1,2022-12-23 21:33:00
257,QD-7904,4.21,15,4,2022-12-26 23:42:00
258,CI-8276,1.83,11,1,2022-12-05 06:17:00
259,WT-1208,1.9,8,3,2022-12-29 14:45:00
260,BN-3356,4.54,1,3,2022-12-22 14:29:00
261,TL-8578,2.01,4,3,2022-12-02 23:30:00
262,VK-4226,1.46,7,2,2022-12-17 15:05:00
263,LJ-3840,2.7,6,2,2022-12-14 20:53:00
264,EI-5256,1.27,9,4,2022-12-21 08:32:00
265,XS-2603,1.18,4,1,2022-12-27 23:02:00
266,OC-7868,2.65,10,4,2022-12-30 22:02:00
267,DC-6721,2.17,7,1,2022-12-26 01:57:00
268,KQ-9242,4.7,3,4,2022-12-24 19:27:00
269,KS-6094,4.36,1,4,2022-12-25 10:17:00
270,LD-6790,3.55,11,5,2022-12-02 01:39:00
271,LD-1659,3.29,9,3,2022-12-02 18:54:00
272,OZ-5057,4.46,5,2,2022-12-26 07:44:00
273,BY-6261,4.14,3,1,2022-12-05 19:25:00
274,HO-8476,2.53,13,3,2022-12-04 17:03:00
275,ZV-0006,1.95,9,5,2022-12-07 08:07:00
276,KN-9726,4.73,1,2,2022-12-04 16:29:00
277,FA-2432,3.78,1,3,2022-12-24 06:49:00
278,HY-3711,1.15,13,5,2022-12-12 17:23:00
279,TH-0247,3.28,15,2,2022-12-10 11:17:00
280,BS-6541,1.78,4,4,2022-12-19 07:50:00
281,PV-0228,1.35,7,1,2022-12-19 03:27:00
282,HU-5343,3.02,7,5,2022-12-10 07:54:00
283,XL-5495,4.91,14,4,2022-12-02 04:08:00
284,UG-9891,4.51,3,4,2022-12-04 16:03:00
285,MK-9344,2.16,9,4,2022-12-10 17:20:00
286,AX-9416,3.61,2,3,2022-12-10 07:50:00
287,YQ-4560,4.11,8,3,2022-12-21 16:14:00
288,NO-9863,3.09,3,3,2022-12-29 14:51:00
289,FV-6247,1.19,8,5,2022-12-14 02:12:00
290,XO-8143,1.92,1,3,2022-12-29 04:57:00
291,SF-1600,1.63,3,1,2022-12-06 08:20:00
292,WT-6075,3.42,1,1,2022-12-21 18:35:00
293,SS-5683,1.52,14,3,2022-12-07 04:58:00
294,RT-7340,3.44,9,1,2022-12-02 19:25:00
295,QE-0263,2.81,13,4,2022-12-22 17:17:00
296,GU-8762,4.12,5,5,2022-12-02 22:41:00
297,QV-4283,4.36,1,4,2022-12-11 23:22:00
298,PC-4887,4.94,10,2,2022-12-13 12:16:00
299,GR-2517,2.32,8,4,2022-12-15 03:42:00
300,NZ-6517,3.57,2,5,2022-12-17 20:59:00
301,FD-3306,1.79,5,1,2022-12-24 00:04:00
302,UF-4911,2.16,4,2,2022-12-04 15:24:00
303,VN-1534,2.42,5,2,2022-12-07 19:21:00
304,PW-4999,3.41,3,1,2022-12-24 00:40:00
305,PX-7804,4.07,4,5,2022-12-19 12:51:00
306,SQ-6407,2.38,3,4,2022-12-03 15:48:00
307,PV-9218,3.41,3,1,2022-12-04 11:23:00
308,HX-0939,2.2,3,1,2022-12-15 18:14:00
309,MX-3345,2.29,12,1,2022-12-03 10:29:00
310,TK-6945,2.34,12,1,2022-12-07 12:56:00
311,MQ-8258,3.36,6,4,2022-12-21 06:01:00
312,LQ-6326,3.78,10,2,2022-12-15 19:51:00
313,ZA-4689,3.19,15,2,2022-12-07 05:00:00
314,LG-3089,4.41,3,4,2022-12-11 15:35:00
315,QZ-6290,2.31,7,2,2022-12-20 16:25:00
316,JN-5644,4.16,8,5,2022-12-23 12:11:00
317,SQ-5330,1.46,10,1,2022-12-04 11:42:00
318,IH-8134,4.01,11,1,2022-12-11 05:39:00
319,HK-5778,4.34,7,4,2022-12-20 20:55:00
320,WB-4178,2.65,8,1,2022-12-26 11:56:00
321,KV-1402,2.29,8,1,2022-12-30 12:36:00
322,PB-8781,3.85,14,1,2022-12-03 23:31:00
323,MM-3059,2.25,8,5,2022-12-01 17:10:00
324,PY-7820,1.7,3,2,2022-12-06 21:30:00
325,OP-2479,4.2,10,5,2022-12-25 03:38:00
326,WT-5301,2.21,11,1,2022-12-05 15:21:00
327,DU-8542,2.92,11,5,2022-12-27 03:23:00
328,TE-7057,1.26,8,4,2022-12-23 18:44:00
329,CD-2392,2.03,6,4,2022-12-09 04:33:00
330,MU-1895,3.87,8,5,2022-12-18 12:07:00
331,CW-0331,3.69,13,5,2022-12-06 13:28:00
332,EA-0513,1.83,15,5,2022-12-09 21:49:00
333,LS-8305,2.99,8,5,2022-12-29 20:27:00
334,UU-6548,4.1,3,4,2022-12-20 01:22:00
335,HC-4853,2.43,12,5,2022-12-18 05:30:00
336,KH-7848,4.73,11,1,2022-12-27 15:23:00
337,NT-9452,4.16,3,2,2022-12-23 00:31:00
338,DO-8686,3.48,5,2,2022-12-05 19:47:00
339,DE-7506,1.59,13,5,2022-12-14 04:45:00
340,GV-3281,3.99,5,2,2022-12-06 06:11:00
341,WT-4126,4.51,5,4,2022-12-22 14:51:00
342,YH-1546,4.79,9,2,2022-12-21 17:02:00
343,MC-2131,3.36,13,5,2022-12-22 14:14:00
344,ID-7412,2.58,3,4,2022-12-21 08:39:00
345,JT-8157,1.39,12,4,2022-12-28 03:27:00
346,CY-4003,4.37,14,2,2022-12-01 22:31:00
347,PH-5563,3.64,1,3,2022-12-14 12:21:00
348,YM-6752,2.22,12,3,2022-12-11 19:27:00
349,VM-0702,3.92,4,2,2022-12-15 08:51:00
350,GJ-0570,4.33,10,5,2022-12-01 08:41:00
351,YD-8490,3.29,8,5,2022-12-05 12:01:00
352,MH-2113,1.59,8,1,2022-12-05 09:02:00
353,NG-6484,4.18,12,3,2022-12-24 02:32:00
354,ZB-9166,1.54,4,1,2022-12-04 20:28:00
355,HF-4142,1.07,5,5,2022-12-22 18:10:00
356,OY-0941,1.79,1,4,2022-12-13 05:50:00
357,LJ-3078,1.51,10,5,2022-12-03 21:45:00
358,EY-8669,2.03,3,5,2022-12-28 22:38:00
359,XI-6507,1.54,12,4,2022-12-05 19:25:00
360,NF-5481,3.08,5,5,2022-12-05 05:04:00
361,LQ-3322,2.95,7,1,2022-12-12 22:34:00
362,OK-8903,1.92,8,3,2022-12-19 12:02:00
363,NP-6388,4.74,11,2,2022-12-04 21:38:00
364,UR-2430,2.46,13,2,2022-12-17 06:55:00
365,RG-9895,1.14,4,1,2022-12-10 09:20:00
366,KL-8499,4.76,14,2,2022-12-26 11:54:00
367,DR-8614,4.53,1,2,2022-12-07 13:53:00
368,CU-6043,2.9,2,1,2022-12-28 16:25:00
369,XE-6547,3.91,2,5,2022-12-15 21:16:00
370,OP-9642,3.03,8,3,2022-12-12 06:46:00
371,RM-0672,3.62,4,1,2022-12-15 05:07:00
372,ZG-5506,3.69,15,2,2022-12-04 01:19:00
373,BP-6571,2.51,3,2,2022-12-09 19:33:00
374,HF-3030,1.31,15,4,2022-12-17 12:46:00
375,WG-0846,1.31,8,1,2022-12-09 04:53:00
376,HM-3326,2.09,13,5,2022-12-16 04:53:00
377,XT-4047,3.54,4,3,2022-12-07 15:14:00
378,DD-8814,2.92,12,4,2022-12-25 21:15:00
379,UK-7180,4.55,15,5,2022-12-27 14:44:00
380,VD-4516,3.73,11,3,2022-12-18 04:31:00
381,OU-4322,1.49,8,2,2022-12-17 10:47:00
382,XR-1682,1.76,2,5,2022-12-22 06:37:00
383,TG-8804,4.29,1,1,2022-12-16 03:28:00
384,MS-2532,1.93,5,5,2022-12-29 13:34:00
385,SC-3246,3.23,14,2,2022-12-21 12:42:00
386,NK-1173,2.1,13,4,2022-12-21 13:38:00
387,CB-9618,2.03,7,1,2022-12-18 21:45:00
388,YY-4310,4.69,1,1,2022-12-22 07:33:00
389,FN-9168,2.61,11,4,2022-12-25 09:58:00
390,BZ-5273,1.99,2,2,2022-12-16 16:39:00
391,YY-8627,3.62,7,4,2022-12-29 17:28:00
392,RT-3207,4.68,5,3,2022-12-23 23:59:00
393,ZH-4378,2.33,6,2,2022-12-20 10:57:00
394,TF-1640,1.26,15,3,2022-12-01 18:55:00
395,CB-2802,2,11,3,2022-12-14 10:45:00
396,AH-4069,3.86,15,4,2022-12-17 09:00:00
397,NO-9748,1.41,15,5,2022-12-18 04:56:00
398,CQ-0866,2.85,1,2,2022-12-23 01:20:00
399,WU-3273,1.44,2,3,2022-12-25 13:13:00
400,KH-5384,2.69,4,5,2022-12-28 10:47:00
401,YP-2248,4.94,14,1,2022-12-16 13:50:00
402,MM-9151,3.83,6,4,2022-12-25 07:27:00
403,IX-2658,3.46,4,4,2022-12-30 23:20:00
404,CG-3398,2.04,14,4,2022-12-05 04:41:00
405,VF-7064,4.85,15,3,2022-12-02 03:04:00
406,PQ-3231,2.74,7,4,2022-12-24 13:40:00
407,FE-2425,4.63,11,3,2022-12-10 09:33:00
408,QN-0769,2.31,7,4,2022-12-26 01:53:00
409,MD-0051,2.67,3,3,2022-12-04 13:28:00
410,CG-6717,2.62,6,2,2022-12-17 07:07:00
411,PF-6408,2.66,1,2,2022-12-10 12:17:00
412,WY-4622,1.54,2,2,2022-12-29 05:51:00
413,GG-1094,2.61,8,3,2022-12-15 19:23:00
414,HH-3533,3.93,9,1,2022-12-20 02:04:00
415,AP-0994,3.56,12,5,2022-12-29 11:12:00
416,CH-2836,3.75,2,1,2022-12-17 01:37:00
417,EK-2651,1.62,14,2,2022-12-23 13:03:00
418,ZF-5628,4.75,15,2,2022-12-30 20:22:00
419,ET-0921,4.31,13,2,2022-12-23 21:46:00
420,TE-2555,2.49,7,4,2022-12-19 09:11:00
421,BB-0375,2.58,4,2,2022-12-14 20:34:00
422,KY-0387,4.26,1,4,2022-12-11 22:07:00
423,WM-7213,1.59,13,2,2022-12-19 01:32:00
424,NU-5445,3.11,1,3,2022-12-19 03:42:00
425,GO-1734,1.47,10,4,2022-12-20 12:19:00
426,YZ-2395,2.19,4,5,2022-12-03 00:32:00
427,YE-7714,2.21,1,1,2022-12-21 20:42:00
428,VU-8967,2.25,12,2,2022-12-05 12:08:00
429,NR-3479,2.9,9,3,2022-12-19 00:56:00
430,NT-2222,3.23,14,4,2022-12-30 15:03:00
431,IT-2460,2.69,5,2,2022-12-28 22:32:00
432,LZ-9453,1.31,3,3,2022-12-08 04:36:00
433,JE-3241,1.95,7,3,2022-12-07 18:27:00
434,YI-6843,3.82,2,5,2022-12-03 23:02:00
435,RV-1047,1.58,7,4,2022-12-18 18:50:00
436,CS-2181,4.81,6,5,2022-12-15 14:34:00
437,UD-1811,2.04,13,5,2022-12-25 07:52:00
438,UH-0368,2.24,15,3,2022-12-19 09:23:00
439,MA-7750,3.88,11,4,2022-12-11 13:29:00
440,AZ-3288,1.32,13,5,2022-12-08 14:44:00
441,AH-1359,4.99,13,2,2022-12-05 02:36:00
442,HH-9889,4.59,14,5,2022-12-03 23:36:00
443,FR-2630,2.89,11,5,2022-12-22 23:47:00
444,UL-4819,4.75,11,3,2022-12-12 17:27:00
445,AN-3976,4.28,5,1,2022-12-27 22:10:00
446,EL-1378,1.52,5,5,2022-12-23 02:38:00
447,XE-3596,1.52,9,5,2022-12-07 14:47:00
448,HD-9954,1.01,11,5,2022-12-20 21:58:00
449,RB-7235,4.83,12,2,2022-12-21 11:31:00
450,LP-4003,1.8,6,2,2022-12-03 09:37:00
451,UB-2926,3.02,9,2,2022-12-13 19:08:00
452,IW-4348,4.96,8,5,2022-12-21 06:44:00
453,MT-0621,1.7,14,1,2022-12-11 17:52:00
454,BT-0749,3.04,1,2,2022-12-04 14:59:00
455,FL-6692,4.14,13,5,2022-12-20 20:44:00
456,GQ-9720,2.13,8,4,2022-12-15 17:49:00
457,UK-1365,2.46,1,2,2022-12-28 07:11:00
458,TH-7831,3.64,9,4,2022-12-18 10:31:00
459,AU-6453,4.21,15,3,2022-12-15 15:41:00
460,TT-0422,4.12,1,1,2022-12-27 07:47:00
461,ER-5787,3.68,15,5,2022-12-19 13:07:00
462,BA-0118,2.51,7,3,2022-12-12 14:26:00
463,JD-7729,4.51,14,2,2022-12-26 09:42:00
464,SZ-9401,4.04,13,1,2022-12-27 08:39:00
465,TX-3575,3.7,3,3,2022-12-15 22:52:00
466,CR-4358,3.54,5,3,2022-12-12 01:40:00
467,MZ-8083,2.67,8,1,2022-12-03 21:09:00
468,HS-8836,3.29,2,4,2022-12-08 18:11:00
469,HI-3481,4.99,11,5,2022-12-08 20:55:00
470,NP-9462,2.36,4,2,2022-12-04 11:29:00
471,OD-5792,4.21,2,5,2022-12-16 12:14:00
472,SA-3555,1.49,4,2,2022-12-27 16:15:00
473,UK-7655,4.25,4,5,2022-12-19 02:47:00
474,JU-8527,2.62,15,3,2022-12-21 09:49:00
475,WJ-2071,2.1,13,3,2022-12-27 11:24:00
476,PU-8167,2.45,4,5,2022-12-04 12:10:00
477,QE-6071,1.99,11,4,2022-12-02 23:54:00
478,TF-8141,2.58,10,4,2022-12-11 01:34:00
479,RY-2214,1.43,8,1,2022-12-15 12:22:00
480,CP-8282,2.3,9,1,2022-12-05 04:18:00
481,QW-3045,1.45,6,2,2022-12-23 11:56:00
482,ES-1010,2.98,10,1,2022-12-21 09:30:00
483,JM-8148,3.72,10,3,2022-12-26 05:23:00
484,EY-7425,1.68,13,4,2022-12-14 21:39:00
485,JJ-4384,3.64,15,2,2022-12-10 18:25:00
486,KR-1785,2.63,9,5,2022-12-04 07:53:00
487,TZ-1644,2.06,4,1,2022-12-18 18:17:00
488,PC-0666,1.07,10,5,2022-12-16 06:13:00
489,ER-0606,3.34,14,3,2022-12-09 03:46:00
490,WU-0427,1.08,12,1,2022-12-19 17:08:00
491,JQ-5748,4.89,4,2,2022-12-10 03:34:00
492,RB-8201,1.19,12,2,2022-12-29 21:48:00
493,PG-0154,1.13,5,1,2022-12-21 18:39:00
494,FA-6789,4.34,8,4,2022-12-13 09:20:00
495,TX-9148,3.86,2,3,2022-12-05 22:00:00
496,JC-9758,2.6,13,5,2022-12-21 20:52:00
497,QU-1302,1.33,15,3,2022-12-07 15:25:00
498,EB-4733,4.12,6,2,2022-12-14 23:39:00
499,QF-5575,3.38,1,5,2022-12-13 21:47:00
500,PE-0719,3.5,8,5,2022-12-21 06:34:00
501,SL-1228,2.35,15,1,2022-12-26 23:52:00
502,SJ-9165,4.32,5,3,2022-12-20 19:25:00
503,NL-0250,3.56,12,3,2022-12-26 23:02:00
504,WS-3096,2.52,12,3,2022-12-03 20:53:00
505,OH-5847,4.83,3,4,2022-12-12 05:16:00
506,WL-0282,4.78,9,4,2022-12-21 12:41:00
507,DT-2288,1.02,4,2,2022-12-27 05:56:00
508,LY-5756,4.22,12,4,2022-12-21 15:33:00
509,DF-5359,3.28,15,5,2022-12-22 01:11:00
510,AF-2643,3.14,9,3,2022-12-14 09:15:00
511,OP-5862,3.31,3,5,2022-12-20 06:07:00
512,KQ-9147,2.93,2,2,2022-12-07 21:08:00
513,OL-9847,4.46,9,4,2022-12-25 22:11:00
514,CI-3058,4.45,10,5,2022-12-05 21:18:00
515,ST-4550,4.36,6,2,2022-12-28 14:14:00
516,LX-8025,4.92,4,5,2022-12-09 19:04:00
517,DG-1160,4.98,11,3,2022-12-15 05:01:00
518,KM-8340,3.39,12,4,2022-12-19 09:14:00
519,FJ-8781,4.74,15,4,2022-12-23 09:14:00
520,ZV-2662,4.95,5,4,2022-12-16 05:46:00
521,IO-7161,2.27,5,5,2022-12-19 20:19:00
522,ZQ-9300,4,6,1,2022-12-14 14:53:00
523,SA-0706,1.35,14,3,2022-12-08 17:11:00
524,TG-6396,1.49,3,5,2022-12-24 22:04:00
525,OS-6544,2.55,3,3,2022-12-02 09:13:00
526,KT-3651,3.06,7,2,2022-12-15 15:43:00
527,GQ-6174,3.63,15,1,2022-12-07 11:42:00
528,PH-0826,4.17,13,2,2022-12-02 12:27:00
529,LL-4397,4.27,3,3,2022-12-03 11:58:00
530,PF-2945,1.58,13,5,2022-12-25 23:10:00
531,ZT-5019,3.93,14,4,2022-12-23 07:12:00
532,KS-6893,1.05,6,4,2022-12-23 08:54:00
533,GB-4783,1.36,15,5,2022-12-10 09:52:00
534,SE-4075,2.94,15,5,2022-12-08 01:46:00
535,KW-7687,3.27,5,4,2022-12-02 09:47:00
536,MR-3048,3.33,14,2,2022-12-24 13:06:00
537,AM-5253,2.65,13,2,2022-12-20 14:51:00
538,AO-3740,1.46,3,1,2022-12-27 10:03:00
539,EI-4569,3.02,6,3,2022-12-18 01:09:00
540,GP-3830,3.52,10,4,2022-12-06 14:35:00
541,KU-3744,4.72,6,1,2022-12-15 00:56:00
542,VI-0972,4.43,2,5,2022-12-13 03:35:00
543,JE-0926,4.18,8,3,2022-12-05 04:37:00
544,ZQ-6208,4.82,9,5,2022-12-10 22:13:00
545,FI-4488,2.23,15,1,2022-12-01 21:37:00
546,ZT-1550,4.5,12,1,2022-12-27 14:35:00
547,HF-9571,3.33,8,4,2022-12-19 08:36:00
548,SH-9333,4.06,6,4,2022-12-09 20:07:00
549,TE-0994,3.82,1,2,2022-12-20 07:43:00
550,KC-9031,1.59,8,1,2022-12-19 09:40:00
551,WR-3628,1.58,14,5,2022-12-13 15:20:00
552,DZ-7165,4.61,8,4,2022-12-24 08:55:00
553,GW-3956,2.21,3,5,2022-12-05 06:57:00
554,EZ-5966,1.73,10,1,2022-12-09 12:09:00
555,MG-7218,3.37,9,3,2022-12-13 09:48:00
556,UE-0227,4.19,8,2,2022-12-05 02:12:00
557,WP-2530,3.42,11,1,2022-12-02 04:06:00
558,VT-5937,4.03,15,2,2022-12-17 21:24:00
559,XU-6382,1.41,6,2,2022-12-28 15:52:00
560,AM-7974,4.23,5,4,2022-12-24 06:58:00
561,FE-1260,3.64,12,3,2022-12-27 17:19:00
562,BS-3968,1.21,13,5,2022-12-16 11:03:00
563,JP-3383,1,6,4,2022-12-20 02:58:00
564,XO-8996,4.86,14,2,2022-12-13 00:20:00
565,HB-2209,2.77,8,4,2022-12-16 21:26:00
566,XU-0363,1.87,2,1,2022-12-05 05:34:00
567,PT-0512,2.37,13,3,2022-12-08 13:35:00
568,MK-9942,3.79,4,2,2022-12-13 13:57:00
569,EQ-1879,4.93,12,2,2022-12-14 03:25:00
570,PX-3906,4.43,13,5,2022-12-09 23:37:00
571,FC-3654,4.13,6,3,2022-12-23 03:47:00
572,WH-5751,4.62,14,4,2022-12-16 06:23:00
573,HA-0661,2.64,4,1,2022-12-22 17:11:00
574,WI-8365,2.98,6,1,2022-12-09 11:33:00
575,ZM-4680,2.74,2,3,2022-12-28 18:40:00
576,AH-1578,4.07,11,2,2022-12-20 04:38:00
577,HD-9638,3.42,3,5,2022-12-27 00:10:00
578,DA-0321,2.18,15,2,2022-12-15 01:20:00
579,TV-7590,3.31,12,5,2022-12-21 20:05:00
580,XN-2439,3.53,2,3,2022-12-14 02:24:00
581,PM-6056,3.13,2,3,2022-12-30 00:20:00
582,VA-6011,3.75,14,5,2022-12-19 01:57:00
583,AY-6503,2.31,13,5,2022-12-06 12:12:00
584,VM-4521,3.8,12,3,2022-12-09 23:08:00
585,YS-4630,2.7,10,4,2022-12-16 08:15:00
586,MW-9329,3.34,6,1,2022-12-28 20:16:00
587,OR-1136,2.87,4,5,2022-12-20 09:11:00
588,WM-8215,3.04,2,1,2022-12-22 02:27:00
589,TR-5229,2.64,2,3,2022-12-26 15:46:00
590,SF-9294,1.5,12,3,2022-12-24 10:22:00
591,UE-4922,2.88,1,4,2022-12-09 02:35:00
592,KC-4355,4.98,10,2,2022-12-08 18:28:00
593,JE-5818,4.81,1,4,2022-12-06 10:45:00
594,GN-7713,3.6,12,5,2022-12-19 14:11:00
595,KA-9436,1.34,6,2,2022-12-30 20:15:00
596,QM-1944,1.8,7,3,2022-12-29 14:49:00
597,SW-4448,2.55,7,4,2022-12-27 04:00:00
598,FB-7148,3.45,1,4,2022-12-02 22:10:00
599,HK-4388,2.43,12,3,2022-12-24 05:39:00
600,FQ-5326,3.26,5,3,2022-12-07 07:02:00
601,ZF-2692,1.03,7,2,2022-12-29 15:17:00
602,FP-2197,1.45,8,4,2022-12-09 16:46:00
603,VA-0216,4.53,2,5,2022-12-23 10:51:00
604,DQ-9069,1.31,9,3,2022-12-16 00:04:00
605,IE-3097,4.21,9,5,2022-12-29 00:10:00
606,IY-6220,4.22,3,1,2022-12-05 21:41:00
607,UD-7557,4.33,15,1,2022-12-22 00:44:00
608,PB-4671,3.41,13,2,2022-12-25 07:14:00
609,OH-5788,4.25,4,4,2022-12-15 08:43:00
610,CP-6224,3.88,2,2,2022-12-05 19:29:00
611,PQ-8315,1.69,14,4,2022-12-27 02:11:00
612,RL-1659,4.22,14,1,2022-12-14 23:01:00
613,YS-6475,2.04,5,1,2022-12-25 09:42:00
614,QM-3215,2.05,6,5,2022-12-24 14:54:00
615,PD-0485,3.35,8,2,2022-12-02 14:14:00
616,EA-9849,2.41,10,5,2022-12-19 02:04:00
617,VT-0247,1.78,1,2,2022-12-06 20:13:00
618,WT-4679,4.72,10,3,2022-12-16 23:15:00
619,YO-5867,2.12,11,4,2022-12-30 10:00:00
620,AX-8603,1.08,7,5,2022-12-06 03:50:00
621,TT-9175,1.7,6,3,2022-12-10 22:55:00
622,ES-7907,2.01,14,1,2022-12-28 15:44:00
623,RK-6690,4.1,3,1,2022-12-21 10:53:00
624,BG-3886,4.85,3,5,2022-12-10 18:41:00
625,UZ-5132,3.98,3,2,2022-12-20 11:26:00
626,TH-4944,3.79,3,4,2022-12-03 15:08:00
627,AQ-1340,1.94,5,1,2022-12-12 21:41:00
628,KI-5051,2.65,14,3,2022-12-14 14:08:00
629,LN-9473,2.26,2,3,2022-12-26 16:03:00
630,NN-6767,4.56,6,5,2022-12-11 14:59:00
631,BV-4195,2.79,1,3,2022-12-11 05:26:00
632,AD-6294,1.09,13,3,2022-12-28 20:35:00
633,PA-4700,4.32,15,4,2022-12-12 15:36:00
634,QG-2873,4.27,2,5,2022-12-14 17:05:00
635,LU-6624,4.46,13,2,2022-12-25 02:48:00
636,WA-0696,2.35,8,4,2022-12-08 13:51:00
637,EY-1154,2.25,5,4,2022-12-07 06:00:00
638,FM-8105,4.72,9,3,2022-12-14 12:05:00
639,EY-1750,2.12,10,3,2022-12-09 15:31:00
640,IK-5268,4.37,7,3,2022-12-26 21:06:00
641,CF-2265,2.87,3,3,2022-12-23 08:48:00
642,TM-9293,3.22,8,2,2022-12-28 04:58:00
643,MM-4456,1.44,9,3,2022-12-18 08:01:00
644,HX-7151,3.37,5,3,2022-12-15 20:49:00
645,JS-0079,3.6,13,2,2022-12-20 14:27:00
646,ED-5008,4.6,5,5,2022-12-19 16:54:00
647,VI-0685,4.87,10,2,2022-12-28 21:18:00
648,LI-4332,3.03,10,1,2022-12-02 01:00:00
649,CQ-9911,2.58,1,3,2022-12-20 06:40:00
650,CG-5325,2.07,7,3,2022-12-06 00:27:00
651,NL-4513,1.89,11,4,2022-12-15 06:07:00
652,DC-2118,2.74,2,5,2022-12-07 01:07:00
653,LG-6449,1.9,7,2,2022-12-02 19:04:00
654,FZ-1035,2.13,2,1,2022-12-11 11:59:00
655,QC-6225,4.46,2,3,2022-12-10 19:32:00
656,MU-2851,4.73,13,1,2022-12-09 22:34:00
657,CT-0771,3.11,5,5,2022-12-10 16:27:00
658,SI-7165,3.23,1,2,2022-12-22 22:52:00
659,EF-5462,1.17,2,2,2022-12-19 19:46:00
660,NQ-1323,2.48,12,1,2022-12-18 06:48:00
661,RT-7812,4.48,2,4,2022-12-02 10:07:00
662,XR-3627,1.38,2,3,2022-12-21 23:47:00
663,TG-6174,3.98,9,1,2022-12-09 10:20:00
664,WK-4491,2.98,14,4,2022-12-06 16:00:00
665,YI-8292,3.48,14,1,2022-12-17 01:30:00
666,PK-6498,4.72,15,5,2022-12-06 09:02:00
667,ZU-3696,1.98,10,4,2022-12-29 08:54:00
668,DO-5231,2.46,7,2,2022-12-28 05:33:00
669,KF-1097,4.8,15,2,2022-12-14 06:00:00
670,KR-6588,1.64,3,3,2022-12-05 06:27:00
671,QK-8379,3.55,5,4,2022-12-12 18:05:00
672,IW-5812,2.5,15,5,2022-12-22 00:23:00
673,IG-6188,1.42,14,5,2022-12-10 17:56:00
674,QD-1931,3.16,13,2,2022-12-17 22:33:00
675,WA-6256,4.9,3,5,2022-12-19 19:22:00
676,PC-8460,1.42,2,2,2022-12-21 03:17:00
677,ZK-6622,4.15,12,5,2022-12-26 08:53:00
678,EV-7771,4.73,11,4,2022-12-28 19:37:00
679,KN-0185,3.7,15,1,2022-12-23 00:50:00
680,EL-9545,1.31,14,5,2022-12-29 04:16:00
681,QH-6450,3.78,6,3,2022-12-14 03:00:00
682,RT-1765,2.68,14,3,2022-12-04 09:56:00
683,MA-2770,2.47,6,4,2022-12-26 00:30:00
684,UR-2357,4.8,14,5,2022-12-19 00:03:00
685,ZU-2386,1.95,13,5,2022-12-05 15:20:00
686,SW-2468,2.97,2,4,2022-12-21 06:23:00
687,BK-5879,1.1,13,2,2022-12-16 01:48:00
688,GE-2256,2.87,1,4,2022-12-28 14:15:00
689,OW-1194,1.7,10,1,2022-12-19 22:16:00
690,OD-3474,3.93,7,4,2022-12-11 20:51:00
691,VC-9018,2.78,11,2,2022-12-24 13:21:00
692,NX-6129,2.75,14,1,2022-12-14 01:56:00
693,DA-6782,1.52,8,4,2022-12-20 11:13:00
694,GI-0622,1.12,3,1,2022-12-10 19:18:00
695,US-6244,1.09,7,5,2022-12-02 15:10:00
696,BX-3559,2.42,6,5,2022-12-08 02:21:00
697,MJ-8858,4.26,14,5,2022-12-13 18:00:00
698,ET-4344,1.88,14,1,2022-12-18 16:31:00
699,NL-1303,1.06,5,1,2022-12-04 01:22:00
700,RI-1177,3.48,2,2,2022-12-01 15:57:00
701,XX-6924,4.11,8,4,2022-12-02 21:16:00
702,JU-0241,4.41,9,4,2022-12-27 16:42:00
703,GN-1555,1.95,12,2,2022-12-06 15:52:00
704,JX-6745,4.82,10,5,2022-12-28 05:08:00
705,WL-1556,2.41,2,5,2022-12-19 18:58:00
706,HY-2337,1.98,1,1,2022-12-19 11:00:00
707,DI-0870,4.82,11,4,2022-12-16 00:33:00
708,SX-8737,3.3,12,5,2022-12-05 06:46:00
709,CA-1812,2.17,11,2,2022-12-18 22:03:00
710,AR-9229,3.94,13,3,2022-12-12 09:01:00
711,WL-8405,4.87,12,5,2022-12-07 02:50:00
712,DW-2511,2.33,2,4,2022-12-27 13:15:00
713,EV-2272,2.96,14,3,2022-12-09 09:00:00
714,IA-6515,1.69,10,5,2022-12-07 05:15:00
715,ZZ-2887,1.83,12,4,2022-12-12 07:13:00
716,GO-5491,2.72,9,2,2022-12-16 23:17:00
717,FZ-7683,4.09,10,4,2022-12-14 20:08:00
718,CE-9426,4.82,4,5,2022-12-21 05:04:00
719,OW-1922,1.34,15,5,2022-12-08 19:40:00
720,RM-0742,1.06,13,2,2022-12-11 16:15:00
721,HE-3506,3.37,1,1,2022-12-30 20:46:00
722,IG-9229,1.08,7,5,2022-12-01 09:22:00
723,TW-8602,4.19,11,4,2022-12-20 04:26:00
724,HR-9936,4.35,8,4,2022-12-27 03:35:00
725,KC-5912,2.35,2,4,2022-12-20 13:08:00
726,OQ-4941,4.64,10,2,2022-12-05 03:52:00
727,YB-2902,1.87,8,1,2022-12-21 01:51:00
728,UH-9340,2.47,5,1,2022-12-11 13:06:00
729,BV-7591,4.48,5,5,2022-12-16 14:46:00
730,DW-5685,1.83,15,4,2022-12-12 10:54:00
731,NA-2432,4.86,13,1,2022-12-08 04:55:00
732,QQ-2430,2.91,12,1,2022-12-30 09:39:00
733,ES-8778,3.33,10,5,2022-12-30 00:12:00
734,CE-2444,3.32,6,1,2022-12-11 17:05:00
735,HB-1230,3.61,12,5,2022-12-14 04:07:00
736,WJ-5024,3.52,8,4,2022-12-09 08:30:00
737,ST-6517,3.71,4,5,2022-12-07 06:15:00
738,CY-3780,1.95,9,1,2022-12-27 04:03:00
739,WI-8025,4.38,9,1,2022-12-07 07:27:00
740,EL-0089,1.48,2,3,2022-12-25 19:46:00
741,LE-3098,4.92,15,5,2022-12-14 12:00:00
742,WY-6612,4.67,6,1,2022-12-21 00:08:00
743,BN-3646,4.32,10,3,2022-12-17 19:47:00
744,TL-7350,2.21,8,3,2022-12-16 04:53:00
745,SQ-2666,4.54,8,3,2022-12-27 00:42:00
746,DY-5098,1.93,1,3,2022-12-24 14:36:00
747,AK-0897,3.53,1,1,2022-12-23 07:49:00
748,TW-4024,2.11,10,1,2022-12-16 15:40:00
749,OG-0246,1.74,14,1,2022-12-10 04:53:00
750,IC-4030,3.69,13,5,2022-12-06 05:31:00
751,IJ-3114,3.78,11,4,2022-12-27 20:19:00
752,EA-9180,3.72,3,3,2022-12-15 23:25:00
753,BU-6439,2.2,9,5,2022-12-02 17:41:00
754,IJ-4713,1.21,3,2,2022-12-11 07:26:00
755,ZC-8861,2.35,3,5,2022-12-14 14:12:00
756,QS-1989,4.91,1,4,2022-12-19 13:54:00
757,RW-6808,2.7,3,1,2022-12-27 06:14:00
758,FL-0652,4.17,9,4,2022-12-07 00:33:00
759,SK-3986,4.98,13,3,2022-12-08 01:53:00
760,BW-2676,1.99,2,3,2022-12-07 10:48:00
761,HJ-3602,1.44,3,2,2022-12-15 19:32:00
762,UI-2287,2.57,15,3,2022-12-08 01:34:00
763,UQ-2492,1.29,4,5,2022-12-25 01:41:00
764,IT-7791,1.22,8,5,2022-12-17 18:11:00
765,JQ-5784,2.75,5,2,2022-12-03 19:43:00
766,JX-3810,1.45,12,1,2022-12-13 05:23:00
767,DY-6978,1.7,2,2,2022-12-22 08:20:00
768,IJ-1040,4.56,4,4,2022-12-10 08:47:00
769,ZG-7182,1.93,13,4,2022-12-19 15:10:00
770,OZ-5412,2.24,4,2,2022-12-12 17:04:00
771,YK-8710,3.18,10,2,2022-12-19 13:30:00
772,VY-8433,4.28,3,1,2022-12-10 18:07:00
773,AN-8381,4.71,10,5,2022-12-01 15:16:00
774,IT-8590,3.57,11,4,2022-12-17 01:45:00
775,PG-7390,4.51,6,1,2022-12-18 21:38:00
776,BH-3620,2.59,15,1,2022-12-20 13:20:00
777,WX-1022,4.86,3,3,2022-12-24 06:04:00
778,TJ-6922,1.41,14,5,2022-12-14 02:15:00
779,LN-6172,3.57,14,4,2022-12-22 04:31:00
780,ZK-9179,2.7,12,4,2022-12-13 00:52:00
781,EA-9784,4.39,2,4,2022-12-11 20:09:00
782,EX-0537,1.92,11,2,2022-12-17 04:32:00
783,MD-2240,2.28,13,3,2022-12-18 02:25:00
784,BH-4751,3.49,10,2,2022-12-23 00:01:00
785,UY-0632,1.6,9,4,2022-12-19 16:47:00
786,VE-4433,1.64,5,1,2022-12-13 05:08:00
787,RE-3054,2.39,6,5,2022-12-30 04:09:00
788,XU-2206,3.05,8,2,2022-12-17 03:38:00
789,XV-6069,4.53,7,1,2022-12-05 19:46:00
790,NI-1730,1.74,9,4,2022-12-30 20:46:00
791,CH-3691,3.86,11,3,2022-12-05 13:06:00
792,DW-8100,3.39,4,3,2022-12-10 09:00:00
793,II-8983,1.51,15,1,2022-12-14 20:02:00
794,PI-5247,1.75,13,2,2022-12-30 00:58:00
795,QM-5526,1.92,12,1,2022-12-18 00:20:00
796,BK-2999,3.67,2,5,2022-12-13 09:26:00
797,IJ-4411,4.08,8,5,2022-12-10 02:36:00
798,IO-0651,2.89,14,2,2022-12-25 08:00:00
799,IN-7288,4.41,7,1,2022-12-14 00:41:00
800,DK-8789,4.36,6,1,2022-12-02 21:23:00
801,CE-1098,4.78,13,2,2022-12-14 08:27:00
802,XD-9369,1.71,10,2,2022-12-29 13:31:00
803,XR-6647,3.9,4,2,2022-12-20 17:51:00
804,SE-9424,2.85,14,1,2022-12-14 14:53:00
805,RZ-7274,2.84,13,3,2022-12-02 13:36:00
806,AQ-8786,1.76,13,5,2022-12-30 17:52:00
807,SF-8705,2.49,12,5,2022-12-22 04:12:00
808,TM-7997,1.97,3,1,2022-12-26 08:02:00
809,IU-2773,2.06,6,3,2022-12-23 08:39:00
810,ZC-1214,1.55,11,2,2022-12-22 22:30:00
811,ZZ-6315,2.58,12,2,2022-12-11 07:21:00
812,ZV-0616,1.14,5,2,2022-12-03 04:15:00
813,FR-0510,3.97,1,5,2022-12-17 12:13:00
814,GE-2474,4.22,11,1,2022-12-06 21:54:00
815,VR-4998,1.62,5,3,2022-12-24 06:42:00
816,BX-1950,4.2,7,2,2022-12-14 16:43:00
817,RZ-0799,3.23,7,5,2022-12-27 10:46:00
818,RX-2894,2.55,1,1,2022-12-27 17:49:00
819,IC-8918,3.85,6,4,2022-12-26 09:39:00
820,AU-8517,4.47,8,4,2022-12-21 08:35:00
821,CR-6885,4.58,3,5,2022-12-27 19:33:00
822,JZ-4133,2.51,11,1,2022-12-01 06:24:00
823,QR-2682,4.43,14,4,2022-12-10 00:09:00
824,MM-7594,1.66,3,1,2022-12-19 10:59:00
825,GF-6901,2.85,7,2,2022-12-08 14:40:00
826,EB-7834,4.22,6,5,2022-12-14 01:27:00
827,JE-1924,2.96,2,4,2022-12-02 12:06:00
828,UE-4036,3.05,6,4,2022-12-25 00:03:00
829,TZ-2431,3.17,5,3,2022-12-06 17:40:00
830,TV-3115,2.51,14,3,2022-12-03 16:40:00
831,AQ-2708,3.98,15,1,2022-12-25 21:22:00
832,XN-1303,2.13,12,4,2022-12-16 11:18:00
833,SG-8291,2.17,1,5,2022-12-10 03:54:00
834,HU-5064,1.93,11,3,2022-12-13 02:10:00
835,YL-5867,4.69,12,3,2022-12-28 10:27:00
836,IW-7531,3.84,9,1,2022-12-26 17:28:00
837,VE-4249,4.24,8,3,2022-12-05 11:16:00
838,PO-5518,1.17,14,5,2022-12-21 09:40:00
839,LV-6982,2.79,15,1,2022-12-12 17:22:00
840,EZ-8071,2.57,13,5,2022-12-19 17:51:00
841,GM-4843,1.01,10,1,2022-12-12 11:13:00
842,LE-6988,2.79,10,3,2022-12-18 02:01:00
843,UM-2762,3.45,8,2,2022-12-10 01:49:00
844,GC-7540,4.25,10,3,2022-12-01 21:09:00
845,JX-8700,2.15,3,3,2022-12-13 01:21:00
846,PN-3961,4.25,8,5,2022-12-07 23:20:00
847,GN-4251,1.08,4,5,2022-12-06 23:36:00
848,CW-5693,1.56,5,1,2022-12-01 08:08:00
849,TT-5566,2.84,4,3,2022-12-17 01:43:00
850,ZX-2936,4.63,10,4,2022-12-24 17:47:00
851,QM-8143,3.02,10,4,2022-12-11 12:35:00
852,JG-8117,1.76,7,2,2022-12-26 00:34:00
853,PE-9758,1.92,9,4,2022-12-15 17:02:00
854,RD-7897,3.51,10,1,2022-12-21 09:47:00
855,JZ-2579,3.83,12,1,2022-12-18 21:26:00
856,RD-0391,1.5,10,4,2022-12-12 08:27:00
857,DD-4892,2.63,12,2,2022-12-02 15:43:00
858,BN-9624,2.02,3,2,2022-12-11 01:31:00
859,FD-1700,4.73,7,3,2022-12-23 23:09:00
860,BA-6391,2.27,15,3,2022-12-15 15:52:00
861,DZ-9223,2.87,15,1,2022-12-22 12:52:00
862,BD-3050,2.34,10,5,2022-12-04 09:02:00
863,CR-0928,3.79,3,1,2022-12-27 04:29:00
864,RC-7520,1.56,3,2,2022-12-21 12:35:00
865,BL-4190,2.79,3,3,2022-12-08 13:25:00
866,ZB-7280,1.21,5,1,2022-12-23 09:50:00
867,RC-6194,2.92,4,1,2022-12-17 15:17:00
868,VI-6326,3.92,8,2,2022-12-30 09:44:00
869,GA-3528,2.08,10,4,2022-12-13 20:22:00
870,ML-2587,2.42,14,4,2022-12-04 12:29:00
871,TU-1433,1.6,12,5,2022-12-14 05:29:00
872,UC-7538,3.96,10,1,2022-12-12 21:04:00
873,MO-1553,1.92,15,4,2022-12-20 21:44:00
874,WH-2203,1.44,15,1,2022-12-14 00:25:00
875,RI-4792,3.49,4,4,2022-12-18 18:40:00
876,CK-7724,3.66,13,1,2022-12-21 21:56:00
877,DK-7506,2.92,4,4,2022-12-17 02:47:00
878,KW-0131,3.69,13,1,2022-12-02 23:43:00
879,LZ-7506,2.73,5,2,2022-12-13 08:05:00
880,RX-4832,3.2,7,5,2022-12-12 16:10:00
881,PE-9297,4.37,7,3,2022-12-05 21:10:00
882,XP-7593,2.53,11,3,2022-12-15 19:58:00
883,WK-5460,1.3,13,5,2022-12-10 08:01:00
884,RQ-3607,1.62,3,1,2022-12-20 08:28:00
885,UC-4377,4.41,9,1,2022-12-22 22:26:00
886,PA-4886,4.3,3,5,2022-12-09 08:09:00
887,OC-0386,2.49,1,1,2022-12-26 10:55:00
888,VV-7412,2.38,13,5,2022-12-07 06:30:00
889,JW-9859,3.69,13,5,2022-12-18 12:31:00
890,LA-5706,2.31,15,2,2022-12-30 08:57:00
891,XK-8853,2.18,8,4,2022-12-17 08:46:00
892,VH-4413,3.33,5,3,2022-12-28 22:13:00
893,PE-6861,1.24,7,5,2022-12-03 08:41:00
894,AY-2582,4.02,9,4,2022-12-08 01:17:00
895,FG-6768,3.7,12,3,2022-12-27 07:23:00
896,NH-6519,3.07,5,5,2022-12-09 23:45:00
897,CP-0786,4.93,9,1,2022-12-07 22:02:00
898,LO-2508,2.47,3,5,2022-12-25 05:44:00
899,LI-6229,1.38,3,4,2022-12-06 18:01:00
900,YN-7460,2.53,5,4,2022-12-17 22:10:00
901,DY-9976,1.72,11,4,2022-12-20 11:30:00
902,VG-9452,4.33,15,4,2022-12-18 05:38:00
903,KV-3901,4.03,14,4,2022-12-25 13:22:00
904,DJ-8827,4.47,5,3,2022-12-09 20:00:00
905,DZ-5904,3.1,13,3,2022-12-09 06:11:00
906,QB-0327,4.16,9,4,2022-12-12 03:24:00
907,JR-1237,2.61,3,4,2022-12-09 01:28:00
908,ZW-6638,4.06,1,5,2022-12-18 03:44:00
909,VY-3995,2.55,3,3,2022-12-10 11:33:00
910,RF-2488,2.24,12,5,2022-12-21 19:37:00
911,DN-1210,3.46,15,2,2022-12-18 17:04:00
912,LE-0808,3.99,5,4,2022-12-16 09:40:00
913,BD-7764,4.29,13,3,2022-12-06 20:15:00
914,ML-4344,2.1,15,1,2022-12-11 05:14:00
915,FL-8866,4.53,14,3,2022-12-02 07:56:00
916,AB-5017,1.49,4,5,2022-12-14 05:31:00
917,VE-9296,1.48,14,4,2022-12-25 17:22:00
918,OZ-9757,4.38,14,2,2022-12-15 06:40:00
919,PL-1166,3.46,8,3,2022-12-30 01:56:00
920,QZ-5929,1.71,10,1,2022-12-04 17:58:00
921,NF-8073,2.55,8,1,2022-12-02 00:08:00
922,RH-7972,4.74,4,1,2022-12-15 16:42:00
923,JP-1053,1.2,1,5,2022-12-12 21:32:00
924,QN-3143,3.59,6,4,2022-12-22 21:55:00
925,JY-7006,3.21,3,1,2022-12-14 07:31:00
926,EW-2900,1.6,1,1,2022-12-11 11:29:00
927,FR-2982,2.07,14,2,2022-12-24 14:58:00
928,XT-3853,3.83,1,1,2022-12-17 14:08:00
929,GB-6450,4.55,4,2,2022-12-30 07:25:00
930,LS-8642,2.2,5,1,2022-12-26 05:23:00
931,BC-4415,3.02,14,1,2022-12-11 13:14:00
932,PP-8098,3.84,13,2,2022-12-29 18:21:00
933,RY-0858,4.08,9,4,2022-12-30 05:22:00
934,QT-8406,1.11,7,4,2022-12-29 19:22:00
935,DQ-3460,2.74,8,3,2022-12-30 16:26:00
936,ON-8325,4.5,9,4,2022-12-27 14:50:00
937,VV-9491,3.13,3,4,2022-12-27 02:58:00
938,TL-0198,2.28,9,1,2022-12-29 16:48:00
939,EZ-5294,3.73,13,3,2022-12-01 03:50:00
940,AE-7270,2.33,1,1,2022-12-14 22:07:00
941,WP-6394,4.11,7,3,2022-12-11 01:54:00
942,KO-2174,4.13,10,5,2022-12-16 00:22:00
943,VA-6610,3.14,11,3,2022-12-23 19:49:00
944,FV-7951,4.07,11,2,2022-12-15 03:17:00
945,QR-9324,4.05,3,2,2022-12-08 08:31:00
946,IX-5410,3.88,8,5,2022-12-28 08:43:00
947,EX-8127,4.1,3,2,2022-12-15 14:17:00
948,QS-7738,4.8,12,4,2022-12-27 12:21:00
949,RN-8794,3.27,8,5,2022-12-26 18:03:00
950,KA-7298,2.28,4,3,2022-12-06 02:20:00
951,RM-7628,3.59,3,2,2022-12-28 00:22:00
952,VJ-4229,4.86,12,3,2022-12-19 21:47:00
953,HI-5701,3.27,9,5,2022-12-19 21:44:00
954,DO-3218,2.66,9,1,2022-12-29 17:49:00
955,ZR-8532,1.04,13,5,2022-12-01 16:50:00
956,GC-9738,4.68,11,2,2022-12-09 23:43:00
957,OL-2985,2.01,9,3,2022-12-22 03:03:00
958,VZ-1490,2.29,12,3,2022-12-30 07:38:00
959,HR-4138,2.92,9,3,2022-12-25 18:49:00
960,JG-7234,1.62,1,1,2022-12-09 12:53:00
961,BY-0001,2.38,11,3,2022-12-24 18:06:00
962,XO-1710,3.27,14,4,2022-12-30 09:07:00
963,DW-8555,1.61,7,1,2022-12-28 23:31:00
964,UN-8816,1.85,9,3,2022-12-19 11:44:00
965,LW-6282,1.52,11,3,2022-12-16 15:54:00
966,LC-0126,1.29,15,3,2022-12-15 22:58:00
967,RY-5188,4.38,11,4,2022-12-15 02:30:00
968,ZJ-9671,1.19,6,2,2022-12-30 19:09:00
969,PY-3524,3.7,12,2,2022-12-18 15:30:00
970,DJ-1639,4.53,3,1,2022-12-04 08:29:00
971,CN-7076,1.31,14,4,2022-12-29 15:47:00
972,GC-0042,2.6,5,5,2022-12-02 20:37:00
973,SN-1826,1.14,7,2,2022-12-15 17:34:00
974,KU-5013,4.44,10,4,2022-12-30 04:44:00
975,ZG-6152,3.3,1,4,2022-12-19 07:34:00
976,DK-7377,1.6,13,4,2022-12-23 12:02:00
977,VW-9203,3.73,2,2,2022-12-15 00:12:00
978,VI-8736,4.91,4,3,2022-12-23 11:44:00
979,IW-3918,3.59,10,3,2022-12-17 11:40:00
980,PO-6267,2.25,8,4,2022-12-28 05:52:00
981,NE-6083,1.68,6,4,2022-12-04 20:27:00
982,AG-1336,3.77,15,1,2022-12-27 05:14:00
983,YE-9024,3.29,10,1,2022-12-02 00:38:00
984,YB-0750,3.15,2,1,2022-12-16 01:59:00
985,LZ-5650,2.22,6,2,2022-12-30 10:25:00
986,PV-7398,1.68,2,2,2022-12-08 09:07:00
987,KV-4755,3.9,8,5,2022-12-15 17:24:00
988,QU-3204,3.17,6,3,2022-12-30 14:40:00
989,VZ-7402,3.34,15,4,2022-12-30 15:47:00
990,KG-1401,2.06,14,1,2022-12-10 03:08:00
991,MV-7934,4.26,2,5,2022-12-02 00:16:00
992,KS-8505,2.56,13,5,2022-12-17 10:00:00
993,KO-5000,3.91,3,4,2022-12-09 02:12:00
994,YX-8017,3.86,11,5,2022-12-09 13:45:00
995,QG-9595,4.54,13,4,2022-12-17 09:25:00
996,SO-2758,1.39,2,4,2022-12-18 19:55:00
997,ID-5279,4.64,12,4,2022-12-25 05:01:00
998,EG-3952,4.72,6,5,2022-12-17 00:23:00
999,ZF-1729,3.92,13,1,2022-12-22 04:54:00
1000,VX-2226,2.68,11,3,2022-12-01 23:36:00
